{"cameraMode":{"drawMode":0,"name":"Shaded","section":"Shading Mode"},"sceneLighting":true,"audioPlay":false,"sceneViewState":{"showFog":true,"showMaterialUpdate":false,"showSkybox":true,"showFlares":true,"showImageEffects":true,"showParticleSystems":true},"in2DMode":false,"pivot":{"x":0.9754734039306641,"y":1.739084243774414,"z":1.1611781120300294},"rotation":{"x":0.11145278811454773,"y":-0.5118021368980408,"z":0.06717197597026825,"w":0.8491906523704529},"size":20.244779586791993,"orthographic":false}