{"cameraMode":{"drawMode":0,"name":"Shaded","section":"Shading Mode"},"sceneLighting":false,"audioPlay":false,"sceneViewState":{"showFog":true,"showMaterialUpdate":false,"showSkybox":false,"showFlares":true,"showImageEffects":true,"showParticleSystems":true},"in2DMode":false,"pivot":{"x":-2.2387537956237795,"y":5.369691371917725,"z":2.75506591796875},"rotation":{"x":0.06763796508312226,"y":0.29219892621040347,"z":0.020722482353448869,"w":-0.9537376165390015},"size":22.618480682373048,"orthographic":false}